id,name,read,pattern,sequence,feature_type
ADT_A0006,adt_CD86,R2,5P(BC),GTCTTTGTCAGTGCA,Antibody Capture
ADT_A0007,adt_CD274,R2,5P(BC),GTTGTCCGACAATAC,Antibody Capture
ADT_A0020,adt_CD270,R2,5P(BC),TGATAGAAACAGACC,Antibody Capture
ADT_A0023,adt_CD155,R2,5P(BC),ATCACATCGTTGCCA,Antibody Capture
ADT_A0024,adt_CD112,R2,5P(BC),AACCTTCCGTCTAAG,Antibody Capture
ADT_A0026,adt_CD47,R2,5P(BC),GCATTCTGTCACCTA,Antibody Capture
ADT_A0029,adt_CD48,R2,5P(BC),CTACGACGTAGAAGA,Antibody Capture
ADT_A0031,adt_CD40,R2,5P(BC),CTCAGATGGAGTATG,Antibody Capture
ADT_A0032,adt_CD154,R2,5P(BC),GCTAGATAGATGCAA,Antibody Capture
ADT_A0033,adt_CD52,R2,5P(BC),CTTTGTACGAGCAAA,Antibody Capture
ADT_A0034,adt_CD3,R2,5P(BC),CTCATTGTAACTCCT,Antibody Capture
ADT_A0046,adt_CD8,R2,5P(BC),GCGCAACTTGATGAT,Antibody Capture
ADT_A0047,adt_CD56,R2,5P(BC),TCCTTTCCTGATAGG,Antibody Capture
ADT_A0050,adt_CD19,R2,5P(BC),CTGGGCAATTACTCG,Antibody Capture
ADT_A0052,adt_CD33,R2,5P(BC),TAACTCAGGGCCTAT,Antibody Capture
ADT_A0053,adt_CD11c,R2,5P(BC),TACGCCTATAACTTG,Antibody Capture
ADT_A0058,adt_HLA.ABC,R2,5P(BC),TATGCGAGGCTTATC,Antibody Capture
ADT_A0063,adt_CD45RA,R2,5P(BC),TCAATCCTTCCGCTT,Antibody Capture
ADT_A0064,adt_CD123,R2,5P(BC),CTTCACTCTGTCAGG,Antibody Capture
ADT_A0066,adt_CD7,R2,5P(BC),TGGATTCCCGGACTT,Antibody Capture
ADT_A0070,adt_CD49f,R2,5P(BC),TTCCGAGGATGATCT,Antibody Capture
ADT_A0071,adt_CD194,R2,5P(BC),AGCTTACCTGCACGA,Antibody Capture
ADT_A0072,adt_CD4,R2,5P(BC),TGTTCCCGCTCAACT,Antibody Capture
ADT_A0073,adt_CD44,R2,5P(BC),TGGCTTCAGGTCCTA,Antibody Capture
ADT_A0081,adt_CD14,R2,5P(BC),TCTCAGACCTCCGTA,Antibody Capture
ADT_A0083,adt_CD16,R2,5P(BC),AAGTTCACTCTTTGC,Antibody Capture
ADT_A0085,adt_CD25,R2,5P(BC),TTTGTCCTGTACGCC,Antibody Capture
ADT_A0087,adt_CD45RO,R2,5P(BC),CTCCGAATCATGTTG,Antibody Capture
ADT_A0088,adt_CD279,R2,5P(BC),ACAGCGCCGTATTTA,Antibody Capture
ADT_A0089,adt_TIGIT,R2,5P(BC),TTGCTTACCGCCAGA,Antibody Capture
ADT_A0090,adt_Isotype_MOPC.21,R2,5P(BC),GCCGGACGACATTAA,Antibody Capture
ADT_A0091,adt_Isotype_MOPC.173,R2,5P(BC),CTCCTACCTAAACTG,Antibody Capture
ADT_A0092,adt_Isotype_MPC.11,R2,5P(BC),ATATGTATCACGCGA,Antibody Capture
ADT_A0095,adt_Isotype_RTK4530,R2,5P(BC),GATTCTTGACGACCT,Antibody Capture
ADT_A0100,adt_CD20,R2,5P(BC),TTCTGGGTCCCTAGA,Antibody Capture
ADT_A0101,adt_CD335,R2,5P(BC),ACAATTTGAACAGCG,Antibody Capture
ADT_A0124,adt_CD31,R2,5P(BC),ACCTTTATGCCACGG,Antibody Capture
ADT_A0127,adt_Podoplanin,R2,5P(BC),GGTTACTCGTTGTGT,Antibody Capture
ADT_A0134,adt_CD146,R2,5P(BC),CCTTGGATAACATCA,Antibody Capture
ADT_A0136,adt_IgM,R2,5P(BC),TAGCGAGCCCGTATA,Antibody Capture
ADT_A0138,adt_CD5,R2,5P(BC),CATTAACGGGATGCC,Antibody Capture
ADT_A0140,adt_CD183,R2,5P(BC),GCGATGGTAGATTAT,Antibody Capture
ADT_A0141,adt_CD195,R2,5P(BC),CCAAAGTAAGAGCCA,Antibody Capture
ADT_A0142,adt_CD32,R2,5P(BC),GCTTCCGAATTACCG,Antibody Capture
ADT_A0143,adt_CD196,R2,5P(BC),GATCCCTTTGTCACT,Antibody Capture
ADT_A0144,adt_CD185,R2,5P(BC),AATTCAACCGTCGCC,Antibody Capture
ADT_A0145,adt_CD103,R2,5P(BC),GACCTCATTGTGAAT,Antibody Capture
ADT_A0146,adt_CD69,R2,5P(BC),GTCTCTTGGCTTAAA,Antibody Capture
ADT_A0147,adt_CD62L,R2,5P(BC),GTCCCTGCAACTTGA,Antibody Capture
ADT_A0149,adt_CD161,R2,5P(BC),GTACGCAGTCCTTCT,Antibody Capture
ADT_A0151,adt_CD152,R2,5P(BC),ATGGTTCACGTAATC,Antibody Capture
ADT_A0152,adt_CD223,R2,5P(BC),CATTTGTCTGCCGGT,Antibody Capture
ADT_A0153,adt_KLRG1,R2,5P(BC),CTTATTTCCTGCCCT,Antibody Capture
ADT_A0154,adt_CD27,R2,5P(BC),GCACTCCTGCATGTA,Antibody Capture
ADT_A0155,adt_CD107a,R2,5P(BC),CAGCCCACTGCAATA,Antibody Capture
ADT_A0156,adt_CD95,R2,5P(BC),CCAGCTCATTAGAGC,Antibody Capture
ADT_A0158,adt_CD134,R2,5P(BC),AACCCACCGTTGTTA,Antibody Capture
ADT_A0159,adt_HLA.DR,R2,5P(BC),AATAGCGAGCAAGTA,Antibody Capture
ADT_A0160,adt_CD1c,R2,5P(BC),GAGCTACTTCACTCG,Antibody Capture
ADT_A0161,adt_CD11b,R2,5P(BC),GACAAGTGATCTGCA,Antibody Capture
ADT_A0162,adt_CD64,R2,5P(BC),AAGTATGCCCTACGA,Antibody Capture
ADT_A0163,adt_CD141,R2,5P(BC),GGATAACCGCGCTTT,Antibody Capture
ADT_A0165,adt_CD314,R2,5P(BC),CGTGTTTGTTCCTCA,Antibody Capture
ADT_A0167,adt_CD35,R2,5P(BC),ACTTCCGTCGATCTT,Antibody Capture
ADT_A0168,adt_CD57,R2,5P(BC),AACTCCCTATGGAGG,Antibody Capture
ADT_A0170,adt_CD272,R2,5P(BC),GTTATTGGACTAAGG,Antibody Capture
ADT_A0171,adt_CD278,R2,5P(BC),CGCGCACCCATTAAA,Antibody Capture
ADT_A0172,adt_CD275,R2,5P(BC),GTTAGTGTTAGCTTG,Antibody Capture
ADT_A0174,adt_CD58,R2,5P(BC),GTTCCTATGGACGAC,Antibody Capture
ADT_A0176,adt_CD39,R2,5P(BC),TTACCTGGTATCCGT,Antibody Capture
ADT_A0179,adt_CX3CR1,R2,5P(BC),AGTATCGTCTCTGGG,Antibody Capture
ADT_A0180,adt_CD24,R2,5P(BC),AGATTCCTTCGTGTT,Antibody Capture
ADT_A0181,adt_CD21,R2,5P(BC),AACCTAGTAGTTCGG,Antibody Capture
ADT_A0185,adt_CD11a,R2,5P(BC),TATATCCTTGTGAGC,Antibody Capture
ADT_A0187,adt_CD79b,R2,5P(BC),ATTCTTCAACCGAAG,Antibody Capture
ADT_A0189,adt_CD244,R2,5P(BC),TCGCTTGGATGGTAG,Antibody Capture
ADT_A0206,adt_CD169,R2,5P(BC),TACTCAGCGTGTTTG,Antibody Capture
ADT_A0214,adt_Integrin.b7,R2,5P(BC),TCCTTGGATGTACCG,Antibody Capture
ADT_A0215,adt_CD268,R2,5P(BC),CGAAGTCGATCCGTA,Antibody Capture
ADT_A0216,adt_CD42b,R2,5P(BC),TCCTAGTACCGAAGT,Antibody Capture
ADT_A0217,adt_CD54,R2,5P(BC),CTGATAGACTTGAGT,Antibody Capture
ADT_A0218,adt_CD62P,R2,5P(BC),CCTTCCGTATCCCTT,Antibody Capture
ADT_A0219,adt_CD119,R2,5P(BC),TGTGTATTCCCTTGT,Antibody Capture
ADT_A0224,adt_TCR.ab,R2,5P(BC),CGTAACGTAGAGCGA,Antibody Capture
ADT_A0236,adt_Isotype_RTK2071,R2,5P(BC),ATCAGATGCCCTCAT,Antibody Capture
ADT_A0237,adt_Isotype_G0114F7,R2,5P(BC),GGGAGCGATTCAACT,Antibody Capture
ADT_A0238,adt_Isotype_RTK2758,R2,5P(BC),AAGTCAGGTTCGTTT,Antibody Capture
ADT_A0240,adt_Isotype_RTK4174,R2,5P(BC),TCCAGGCTAGTCATT,Antibody Capture
ADT_A0241,adt_Isotype_HTK888,R2,5P(BC),CCTGTCATTAAGACT,Antibody Capture
ADT_A0242,adt_CD192,R2,5P(BC),GAGTTCCCTTACCTG,Antibody Capture
ADT_A0246,adt_CD122,R2,5P(BC),TCATTTCCTCCGATT,Antibody Capture
ADT_A0247,adt_CD267,R2,5P(BC),AGTGATGGAGCGAAC,Antibody Capture
ADT_A0352,adt_FceRIa,R2,5P(BC),CTCGTTTCCGTATCG,Antibody Capture
ADT_A0353,adt_CD41,R2,5P(BC),ACGTTGTGGCCTTGT,Antibody Capture
ADT_A0355,adt_CD137,R2,5P(BC),CAGTAAGTTCGGGAC,Antibody Capture
ADT_A0357,adt_CD43,R2,5P(BC),GATTAACCAGCTCAT,Antibody Capture
ADT_A0358,adt_CD163,R2,5P(BC),GCTTCTCCTTCCTTA,Antibody Capture
ADT_A0359,adt_CD83,R2,5P(BC),CCACTCATTTCCGGT,Antibody Capture
ADT_A0364,adt_CD13,R2,5P(BC),TTTCAACGCCCTTTC,Antibody Capture
ADT_A0367,adt_CD2,R2,5P(BC),TACGATTTGTCAGGG,Antibody Capture
ADT_A0368,adt_CD226,R2,5P(BC),TCTCAGTGTTTGTGG,Antibody Capture
ADT_A0369,adt_CD29,R2,5P(BC),GTATTCCCTCAGTCA,Antibody Capture
ADT_A0370,adt_CD303,R2,5P(BC),GAGATGTCCGAATTT,Antibody Capture
ADT_A0371,adt_CD49b,R2,5P(BC),GCTTTCTTCAGTATG,Antibody Capture
ADT_A0372,adt_CD61,R2,5P(BC),AGGTTGGAGTAGACT,Antibody Capture
ADT_A0373,adt_CD81,R2,5P(BC),GTATCCTTCCTTGGC,Antibody Capture
ADT_A0383,adt_CD55,R2,5P(BC),GCTCATTACCCATTA,Antibody Capture
ADT_A0384,adt_IgD,R2,5P(BC),CAGTCTCCGTAGAGT,Antibody Capture
ADT_A0385,adt_CD18,R2,5P(BC),TATTGGGACACTTCT,Antibody Capture
ADT_A0386,adt_CD28,R2,5P(BC),TGAGAACGACCCTAA,Antibody Capture
ADT_A0389,adt_CD38,R2,5P(BC),TGTACCCGCTTGTGA,Antibody Capture
ADT_A0390,adt_CD127,R2,5P(BC),GTGTGTTGTCCTATG,Antibody Capture
ADT_A0391,adt_CD45,R2,5P(BC),TGCAATTACCCGGAT,Antibody Capture
ADT_A0393,adt_CD22,R2,5P(BC),GGGTTGTTGTCTTTG,Antibody Capture
ADT_A0394,adt_CD71,R2,5P(BC),CCGTGTTCCTCATTA,Antibody Capture
ADT_A0396,adt_CD26,R2,5P(BC),GGTGGCTAGATAATG,Antibody Capture
ADT_A0398,adt_CD115,R2,5P(BC),AATCACGGTCCTTGT,Antibody Capture
ADT_A0404,adt_CD63,R2,5P(BC),GAGATGTCTGCAACT,Antibody Capture
ADT_A0406,adt_CD304,R2,5P(BC),GGACTAAGTTTCGTT,Antibody Capture
ADT_A0407,adt_CD36,R2,5P(BC),TTCTTTGCCTTGCCA,Antibody Capture
ADT_A0408,adt_CD172a,R2,5P(BC),CGTGTTTAACTTGAG,Antibody Capture
ADT_A0419,adt_CD72,R2,5P(BC),CAGTCGTGGTAGATA,Antibody Capture
ADT_A0420,adt_CD158,R2,5P(BC),TATCAACCAACGCTT,Antibody Capture
ADT_A0446,adt_CD93,R2,5P(BC),GCGCTACTTCCTTGA,Antibody Capture
ADT_A0447,adt_CD200,R2,5P(BC),CACGTAGACCTTTGC,Antibody Capture
ADT_A0575,adt_CD49a,R2,5P(BC),ACTGATGGACTCAGA,Antibody Capture
ADT_A0576,adt_CD49d,R2,5P(BC),CCATTCAACTTCCGG,Antibody Capture
ADT_A0577,adt_CD73,R2,5P(BC),CAGTTCCTCAGTTCG,Antibody Capture
ADT_A0579,adt_CD9,R2,5P(BC),GAGTCACCAATCTGC,Antibody Capture
ADT_A0581,adt_TCR.Va7.2,R2,5P(BC),TACGAGCAGTATTCA,Antibody Capture
ADT_A0582,adt_TCR.Vd2,R2,5P(BC),TCAGTCAGATGGTAT,Antibody Capture
ADT_A0586,adt_CD354,R2,5P(BC),TAGCCGTTTCCTTTG,Antibody Capture
ADT_A0590,adt_CD305,R2,5P(BC),ATTTCCATTCCCTGT,Antibody Capture
ADT_A0591,adt_LOX.1,R2,5P(BC),ACCCTTTACCGAATA,Antibody Capture
ADT_A0599,adt_CD158e1,R2,5P(BC),GGACGCTTTCCTTGA,Antibody Capture
ADT_A0817,adt_CD109,R2,5P(BC),CACTTAACTCTGGGT,Antibody Capture
ADT_A0822,adt_CD142,R2,5P(BC),CACTGCCGTCGATTA,Antibody Capture
ADT_A0830,adt_CD319,R2,5P(BC),AGTATGCCATGTCTT,Antibody Capture
ADT_A0845,adt_CD99,R2,5P(BC),ACCCGTCCCTAAGAA,Antibody Capture
ADT_A0853,adt_CLEC12A,R2,5P(BC),CATTAGAGTCTGCCA,Antibody Capture
ADT_A0861,adt_CD151,R2,5P(BC),CTTACCTAGTCATTC,Antibody Capture
ADT_A0864,adt_CD352,R2,5P(BC),AGTTTCCACTCAGGC,Antibody Capture
ADT_A0866,adt_CLEC1B,R2,5P(BC),TGCCAGTATCACGTA,Antibody Capture
ADT_A0867,adt_CD94,R2,5P(BC),CTTTCCGGTCCTACA,Antibody Capture
ADT_A0868,adt_IgE,R2,5P(BC),GGATGTACCGCGTAT,Antibody Capture
ADT_A0870,adt_CD150,R2,5P(BC),GTCATTGTATGTCTG,Antibody Capture
ADT_A0871,adt_CD162,R2,5P(BC),ATATGTCAGAGCACC,Antibody Capture
ADT_A0872,adt_CD84,R2,5P(BC),CTCCCTAGTTCCTTT,Antibody Capture
ADT_A0894,adt_Ig.LightChain.k,R2,5P(BC),AGCTCAGCCAGTATG,Antibody Capture
ADT_A0896,adt_CD85j,R2,5P(BC),CCTTGTGAGGCTATG,Antibody Capture
ADT_A0897,adt_CD23,R2,5P(BC),TCTGTATAACCGTCT,Antibody Capture
ADT_A0898,adt_Ig.LightChain.l,R2,5P(BC),CAGCCAGTAAGTCAC,Antibody Capture
ADT_A0902,adt_CD328,R2,5P(BC),CTTAGCATTTCACTG,Antibody Capture
ADT_A0912,adt_GPR56,R2,5P(BC),GCCTAGTTTCCGTTT,Antibody Capture
ADT_A0920,adt_CD82,R2,5P(BC),TCCCACTTCCGCTTT,Antibody Capture
ADT_A0923,adt_NKp80,R2,5P(BC),TATAGTTCCTCTGTG,Antibody Capture
ADT_A0931,adt_CD131,R2,5P(BC),CTGCATGAGACCAAA,Antibody Capture
ADT_A0935,adt_CD74,R2,5P(BC),CTGTAGCATTTCCCT,Antibody Capture
ADT_A0940,adt_CD116,R2,5P(BC),ATGGACAGTTCGTGT,Antibody Capture
ADT_A0941,adt_CD37,R2,5P(BC),ACAGTCACTGGGCAA,Antibody Capture
ADT_A0944,adt_CD101,R2,5P(BC),CTACTTCCCTGTCAA,Antibody Capture
ADT_A1018,adt_HLA.DR.DP.DQ,R2,5P(BC),AGCTACGAGCAGTAG,Antibody Capture
ADT_A1046,adt_CD88,R2,5P(BC),GCCGCATGAGAAACA,Antibody Capture
ADT_A0148,adt_CCR7,R2,5P(BC),AGTTCAGTCAACCGA,Antibody Capture
HTO_1,HTO_1,R2,5P(BC),GTCAACTCTTTAGCG,Antibody Capture
HTO_2,HTO_2,R2,5P(BC),TGATGGCCTATTGGG,Antibody Capture
HTO_3,HTO_3,R2,5P(BC),TTCCGCCTCTCTTTG,Antibody Capture
HTO_4,HTO_4,R2,5P(BC),AGTAAGTTCAGCGTA,Antibody Capture
HTO_5,HTO_5,R2,5P(BC),AAGTATCGTTTCGCA,Antibody Capture
HTO_6,HTO_6,R2,5P(BC),GGTTGCCAGATGTCA,Antibody Capture
HTO_7,HTO_7,R2,5P(BC),TGTCTTTCCTGCCAG,Antibody Capture
HTO_8,HTO_8,R2,5P(BC),CTCCTCTGCAATTAC,Antibody Capture
HTO_9,HTO_9,R2,5P(BC),CAGTAGTCACGGTCA,Antibody Capture
HTO_10,HTO_10,R2,5P(BC),ATTGACCCGCGTTAG,Antibody Capture
HTO_11,HTO_11,R2,5P(BC),CGATTGTAGACCTTT,Antibody Capture
HTO_12,HTO_12,R2,5P(BC),TAACGACCAGCCATA,Antibody Capture
HTO_13,HTO_13,R2,5P(BC),AAATCTCTCAGGCTC,Antibody Capture
HTO_14,HTO_14,R2,5P(BC),CTGTATGTCCGATTG,Antibody Capture
HTO_15,HTO_15,R2,5P(BC),TAAGATTCAGAGCGA,Antibody Capture
HTO_16,HTO_16,R2,5P(BC),CTCAGTGCATTCTGG,Antibody Capture